# What has been swept, and when. One line per package or
# partial sweep, replaced each time it runs.
#
# read.tsv says why a survivor was left. This says what was looked at,
# which read.tsv cannot: a clean package leaves nothing in it.
#
# The last column is the one to read: survivors nobody has explained.
# Survived counts the error branches and the bounds that hold a value
# to itself as well, and on anything that lays out a screen or talks to
# Herdr for a living those are most of the list -- a package can survive
# seventeen and have nothing whatever to answer for.
#
# The four outcome columns account for every mutation, so a row that
# does not add up to its own first number is a row to distrust. They
# used to be two, and mutations minus caught minus survived was an
# unnamed remainder that could be either of the others.
#
# Rows dated before 2026-09-06 have no hung column and counted a suite
# that ran out of time as caught, so their caught is an upper bound.
# Re-sweep before reading one closely.
#
# package	swept	mutations	caught	survived	hung	no-build	unexplained
.	2026-09-05	0	0	0	0
./internal/capped	2026-09-09	5	4	1	0	0	0
./internal/cli	2026-09-09	85	81	4	0	0	0
./internal/cli (since v0.4.4)	2026-08-30	9	9	0	0
./internal/cli (since v0.4.8)	2026-08-31	4	4	0	0
./internal/config	2026-09-09	171	169	2	0	0	0
./internal/config (since v0.4.4)	2026-08-30	20	20	0	0
./internal/config (since v0.4.5)	2026-08-30	3	3	0	0
./internal/config (since v0.4.6)	2026-08-31	1	1	0	0
./internal/config (since v0.4.8)	2026-08-31	5	5	0	0
./internal/herdrcli	2026-09-09	60	60	0	0	0	0
./internal/logfile	2026-09-09	11	11	0	0	0	0
./internal/logfile (since v0.4.4)	2026-08-30	2	2	0	0
./internal/mirror	2026-09-09	135	123	11	1	0	0
./internal/mirror (since v0.4.8)	2026-08-31	1	1	0	0
./internal/mirror/ (mirror.go)	2026-09-06	58	53	2	0
./internal/picker	2026-09-09	129	112	17	0	0	0
./internal/picker (since d3fa765)	2026-08-30	2	2	0	0
./internal/picker (since v0.4.4)	2026-08-30	2	2	0	0
./internal/picker (since v0.4.7)	2026-08-31	11	10	1	0
./internal/project	2026-09-09	8	8	0	0	0	0
./internal/remote	2026-09-09	53	52	1	0	0	0
./internal/sshconfig	2026-09-09	42	41	1	0	0	0
./internal/sshconfig (since v0.4.6)	2026-08-31	5	5	0	0
./internal/syncd	2026-08-28	350	318	32	0
./internal/syncd (ask.go)	2026-09-10	4	4	0	0	0	0
./internal/syncd (daemon.go)	2026-09-10	272	245	24	3	0	1
./internal/syncd (daemon.go, since 1c47ae4)	2026-08-28	5	5	0	0
./internal/syncd (plan.go)	2026-09-09	78	74	4	0	0	0
./internal/syncd (since 30daff2)	2026-08-29	3	1	2	0
./internal/syncd (since 8ada114)	2026-08-28	2	2	0	0
./internal/syncd (since eae7cfd)	2026-08-28	4	4	0	0
./internal/syncd (since v0.4.1)	2026-08-28	1	1	0	0
./internal/syncd (since v0.4.5)	2026-08-30	3	3	0	0
./internal/syncd (since v0.4.8)	2026-08-31	7	6	1	0
./internal/syncd (state.go)	2026-09-07	29	29	0	0	0	0
./internal/text	2026-09-09	63	58	5	0	0	0
./internal/text (since v0.4.6)	2026-08-31	3	3	0	0
./internal/version	2026-09-09	12	11	1	0	0	0
./tools/bounds	2026-09-09	9	9	0	0	0	0
./tools/deletions	2026-09-09	10	10	0	0	0	0
./tools/herdrcheck	2026-09-09	110	106	4	0	0	0
./tools/mutants	2026-09-09	126	117	9	0	0	6
